{
  "9vLadjQf": {
    "used": false
  },
  "6ngOFrzu": {
    "used": false
  },
  "WZRKFOa2": {
    "used": false
  },
  "sDHWmn2Y": {
    "used": false
  },
  "xwtCRgI5": {
    "used": false
  },
  "SA7lUoij": {
    "used": false
  },
  "TXion06E": {
    "used": false
  },
  "ihsFuCZc": {
    "used": false
  },
  "FwKhv8id": {
    "used": false
  },
  "B7a4FfX6": {
    "used": false
  },
  "GmO6aSjK": {
    "used": false
  },
  "lLCH76ni": {
    "used": false
  },
  "jUoa9Dnv": {
    "used": false
  },
  "9mgo6JLg": {
    "used": false
  },
  "wkoG3jNe": {
    "used": false
  },
  "g8qa4Q8I": {
    "used": false
  },
  "FSMcBeBD": {
    "used": false
  },
  "OxgbFIX3": {
    "used": false
  },
  "p7XxmllG": {
    "used": false
  },
  "4dLuHfLa": {
    "used": false
  },
  "jAVJj92h": {
    "used": false
  },
  "Tqvnjdw5": {
    "used": false
  },
  "ItEAuf70": {
    "used": false
  },
  "aarM8b6F": {
    "used": false
  },
  "G4yzkHNa": {
    "used": false
  },
  "VaeZL4u6": {
    "used": false
  },
  "vNlUokIE": {
    "used": false
  },
  "RKEJLHqY": {
    "used": false
  },
  "4qWTGbKY": {
    "used": false
  },
  "ivbRpe9s": {
    "used": false
  },
  "x0I9YKaB": {
    "used": false
  },
  "DIBrOVZP": {
    "used": false
  },
  "k7u8xW4G": {
    "used": false
  },
  "L669cyyT": {
    "used": false
  },
  "f1Uj6qC7": {
    "used": false
  },
  "ErG97SHD": {
    "used": false
  },
  "HxryRoGK": {
    "used": false
  },
  "OGqCj3bj": {
    "used": false
  },
  "yryAF8bb": {
    "used": false
  },
  "8QrjSIO8": {
    "used": false
  },
  "8OU9NCxy": {
    "used": false
  },
  "zBSrMrJ2": {
    "used": false
  },
  "V5mZhhrW": {
    "used": false
  },
  "sSK3N0lk": {
    "used": false
  },
  "UJRnXfnZ": {
    "used": false
  },
  "2MbC5dx8": {
    "used": false
  },
  "cvSJ9Quz": {
    "used": false
  },
  "8IdTrepE": {
    "used": false
  },
  "5uq46n48": {
    "used": false
  },
  "HnLod1QG": {
    "used": false
  },
  "LLJxBjTi": {
    "used": false
  },
  "GiXrayOE": {
    "used": false
  },
  "qpLlulLP": {
    "used": false
  },
  "Xcyavd8R": {
    "used": false
  },
  "Yck0P2Xf": {
    "used": false
  },
  "at7di6aJ": {
    "used": false
  },
  "ON3r3Jpd": {
    "used": false
  },
  "svWP6yTN": {
    "used": false
  },
  "PDN7H58b": {
    "used": false
  },
  "wjh9TQaz": {
    "used": false
  },
  "5awa3biY": {
    "used": false
  },
  "lIyVARdh": {
    "used": false
  },
  "jNISOWQk": {
    "used": false
  },
  "7yGbqaxH": {
    "used": false
  },
  "zHYS1fE0": {
    "used": false
  },
  "nJ8HSu9U": {
    "used": false
  },
  "vyO0vURH": {
    "used": false
  },
  "KZQl41jx": {
    "used": false
  },
  "gYMPzmYR": {
    "used": false
  },
  "RQX9Mm82": {
    "used": false
  },
  "BFiJImk8": {
    "used": false
  },
  "kW0UOFUY": {
    "used": false
  },
  "6vIGBOB9": {
    "used": false
  },
  "1VBnsPYy": {
    "used": false
  },
  "myUFIvl9": {
    "used": false
  },
  "qp2V79xA": {
    "used": false
  },
  "vKiQWYyP": {
    "used": false
  },
  "ZJREmmuX": {
    "used": false
  },
  "yhbNJIuO": {
    "used": false
  },
  "z1j5FaxM": {
    "used": false
  },
  "QIYN5Oqm": {
    "used": false
  },
  "T8k7Nlu0": {
    "used": false
  },
  "y5I1925g": {
    "used": false
  },
  "HpvYlJ3t": {
    "used": false
  },
  "LcEAVsV6": {
    "used": false
  },
  "6WcOGotK": {
    "used": false
  },
  "MFQPpnlr": {
    "used": false
  },
  "mwh2u8M7": {
    "used": false
  },
  "dpDPoCnR": {
    "used": false
  },
  "QnpdvBL7": {
    "used": false
  },
  "dbND4Nix": {
    "used": false
  },
  "ExutaACF": {
    "used": false
  },
  "XvnZ6BbE": {
    "used": false
  },
  "Wa63ajPJ": {
    "used": false
  },
  "E1Z9BqOG": {
    "used": false
  },
  "Toj2bgHO": {
    "used": false
  },
  "USJDNNfa": {
    "used": false
  },
  "Uym4tLyk": {
    "used": false
  },
  "JlYI3jRg": {
    "used": false
  },
  "cxZ94kNn": {
    "used": false
  },
  "xrInkyiB": {
    "used": false
  },
  "R7KKL3q8": {
    "used": false
  },
  "MpXXtARH": {
    "used": false
  },
  "Xzh3Lpva": {
    "used": false
  },
  "fDRBEsFV": {
    "used": false
  },
  "nJhKLKSn": {
    "used": false
  },
  "w6FWQV0F": {
    "used": false
  },
  "FxzGKepm": {
    "used": false
  },
  "FkS8r3Cr": {
    "used": false
  },
  "cE226EF6": {
    "used": false
  },
  "g13SBr3q": {
    "used": false
  },
  "aY2JSshH": {
    "used": false
  },
  "bqdBkBcc": {
    "used": false
  },
  "K97QKjJC": {
    "used": false
  },
  "ptIbQ4bS": {
    "used": false
  },
  "xjP8labV": {
    "used": false
  },
  "QuAqfVXk": {
    "used": false
  },
  "UDMvpy97": {
    "used": false
  },
  "aD6kRpeX": {
    "used": false
  },
  "XamPqP7V": {
    "used": false
  },
  "6MkvYoTu": {
    "used": false
  },
  "QnqPUo3v": {
    "used": false
  },
  "L5IVvvuW": {
    "used": false
  },
  "iM4akewU": {
    "used": false
  },
  "dCmRisql": {
    "used": false
  },
  "75TVcoAj": {
    "used": false
  },
  "ZM8jGFKq": {
    "used": false
  },
  "YHVWbwY3": {
    "used": false
  },
  "f9N1ejoW": {
    "used": false
  },
  "fgsFVSSW": {
    "used": false
  },
  "MNJGfo3H": {
    "used": false
  },
  "AKRjJKmC": {
    "used": false
  },
  "XhfFZNkE": {
    "used": false
  },
  "A5n6BucP": {
    "used": false
  },
  "kD1Zs17G": {
    "used": false
  },
  "onbikHlr": {
    "used": false
  },
  "bPv7OprH": {
    "used": false
  },
  "wymur5vQ": {
    "used": false
  },
  "JhEJp3un": {
    "used": false
  },
  "BBbGpIkR": {
    "used": false
  },
  "kNTgS9gg": {
    "used": false
  },
  "e6Gn48xK": {
    "used": false
  },
  "trZ0JlU9": {
    "used": false
  },
  "2a6jpVOY": {
    "used": false
  },
  "P5PqfwLP": {
    "used": false
  },
  "f2VT8e70": {
    "used": false
  },
  "MqNyseoa": {
    "used": false
  },
  "bKWmB9Ti": {
    "used": false
  },
  "h6pYo71j": {
    "used": false
  },
  "7wt5UkTE": {
    "used": false
  }
}